"Interval|""ms""|0|0|1","Analog1|""""|0|5|50"
28643,5
28663,5
28683,5
28703,5
28723,5
28743,5
28763,5
28783,5
28803,5
28823,5
28843,5
28863,5
28883,5
28903,5
28923,5
28943,5
28983,5
29003,5
29023,5
29043,5
29083,5
29103,5
29123,5
29143,5
29163,5
29183,5
29223,5
29243,5
29263,5
29283,5
29303,5
29323,5
29363,5
29383,5
29403,5
29423,5
29443,5
29463,5
29483,5
29503,5
29523,5
29543,5
29563,5
29583,5
29603,5
29683,5
29703,5
29723,5
29743,5
29763,5
29783,5
29803,5
29823,5
29843,5
29863,5
29903,5
29923,5
29943,5
29963,5
29983,5
30003,5
30043,5
30063,5
30083,5
30103,5
30123,5
30143,5
30183,5
30203,5
30223,5
30263,5
30283,5
30303,5
30323,5
30343,5
30363,5
30383,5
30403,5
30423,5
30443,5
30483,5
30503,5
30523,5
30543,5
30563,5
30583,5
30623,5
30643,5
30723,5
30743,5
30763,5
30783,5
30803,5
30843,5
30863,5
30883,5
30903,5
30923,5
30943,5
30963,5
30983,5
31003,5
31023,5
31043,5
31063,5
31083,5
31103,5
31123,5
31143,5
31183,5
31203,5
31223,5
31243,5
31263,5
31283,5
31303,5
31323,5
31343,5
31363,5
31383,5
31403,5
31423,5
31443,5
31463,5
31483,5
31503,5
31523,5
31543,5
31563,5
31583,5
31603,5
31623,5
31643,5
31663,5
31683,5
31703,5
31783,5
31803,5
31823,5
31843,5
31863,5
31883,5
31903,5
31943,5
31963,5
31983,5
32003,5
32023,5
32043,5
32063,5
32083,5
32103,5
32123,5
32143,5
32163,5
32183,5
32203,5
32243,5
32263,5
32283,5
32303,5
32323,5
32343,5
32363,5
32383,5
32403,5
32423,5
32443,5
32463,5
32483,5
32503,5
32523,5
32543,5
32563,5
32603,5
32623,5
32643,5
32663,5
32683,5
32703,5
32723,5
32743,5
32763,5
32843,5
32863,5
32883,5
32903,5
32923,5
32943,5
32963,5
32983,5
33003,5
33043,5
33063,5
33083,5
33103,5
33123,5
33143,5
33163,5
33203,5
33223,5
33243,5
33263,5
33283,5
33303,5
33343,0
33363,0
33383,5
33403,5
33423,5
33443,5
33463,5
33503,5
33523,5
33543,5
33563,5
33583,5
33603,5
33623,5
33643,5
33663,5
33683,5
33703,5
33723,5
33743,5
33763,5
33783,5
33803,5
33823,5
33943,5
33963,5
33983,5
34023,5
34043,5
34083,5
34103,5
34123,5
34143,5
34163,5
34203,5
34223,5
34243,5
34263,5
34283,5
34303,5
34323,5
34343,5
34363,0
34383,0
34403,5
34423,5
34443,5
34483,5
34503,5
34523,5
34543,5
34563,5
34583,5
34603,5
34623,5
34643,5
34663,5
34683,5
34703,5
34723,5
34743,5
34783,5
34823,5
34843,5
34863,5
34883,5
34943,5
34963,5
35003,5
35023,5
35063,5
35083,5
35103,5
35123,5
35143,5
35163,5
35183,5
35203,5
35223,5
35243,5
35263,5
35283,0
35303,0
35323,5
35343,5
35383,5
35403,5
35423,5
35463,5
35483,5
35503,5
35523,5
35543,5
35563,5
35583,5
35623,5
35643,5
35663,5
35683,5
35703,5
35723,5
35743,5
35783,5
35803,5
35823,5
35843,5
35863,5
35883,5
35923,5
36003,5
36023,5
36043,5
36063,5
36083,5
36103,5
36123,5
36143,5
36163,5
36183,5
36203,5
36223,5
36243,5
36263,5
36303,5
36323,5
36343,5
36363,5
36383,5
36423,5
36443,5
36463,0
36483,0
36503,5
36523,5
36543,5
36563,5
36583,5
36603,5
36623,5
36643,5
36663,5
36683,5
36723,5
36743,5
36763,5
36783,5
36803,5
36823,5
36863,5
36883,5
36903,5
36923,5
36943,5
36963,5
36983,5
37063,5
37083,5
37103,5
37123,5
37143,5
37163,5
37203,5
37223,5
37243,5
37263,5
37283,5
37303,5
37323,5
37503,0
37523,0
37543,5
37563,5
37583,5
37603,5
37623,5
37643,5
37663,5
37683,5
37703,5
37843,5
37863,5
37883,5
37903,5
37923,5
37943,5
37963,5
37983,5
38003,5
38023,5
38043,5
38123,5
38143,5
38163,5
38183,5
38203,5
38223,5
38243,5
38283,5
38303,5
38323,5
38523,5
38543,5
38563,5
38603,0
38623,0
38643,0
38663,5
38683,5
38703,5
38863,5
38883,5
38903,5
38923,5
38943,5
38963,5
38983,5
39003,5
39023,5
39043,5
39063,5
39083,5
39103,5
39183,5
39203,5
39223,5
39243,5
39263,5
39283,5
39303,5
39323,5
39343,5
39363,5
39383,5
39403,5
39423,5
39443,5
39463,5
39483,5
39503,5
39543,5
39563,5
39583,5
39603,5
39623,5
39643,5
39663,5
39683,5
39703,0
39723,0
39763,5
39783,5
39823,5
39843,5
39863,5
39883,5
39903,5
39923,5
39943,5
39963,5
39983,5
40003,5
40023,5
40043,5
40063,5
40083,5
40103,5
40123,5
40143,5
40163,5
40243,5
40263,5
40283,5
40303,5
40323,5
40343,5
40363,5
40383,5
40403,5
40443,5
40463,5
40483,5
40503,5
40523,5
40543,5
40563,5
40583,5
40603,5
40623,5
40643,5
40663,0
40683,5
40703,5
40723,5
40743,5
40763,5
40783,5
40803,5
40823,5
40843,5
40863,5
40883,5
40903,5
40923,5
40943,5
40963,5
40983,5
41003,5
41023,5
41043,5
41063,5
41083,5
41103,5
41123,5
41143,5
41163,5
41203,5
41303,5
41323,5
41363,5
41383,5
41403,5
41423,5
41443,5
41463,5
41483,5
41503,5
41523,5
41543,5
41563,5
41583,5
41603,5
41623,5
41643,5
41663,5
41683,5
41723,5
41743,5
41763,5
41783,5
41803,5
41823,5
41843,5
41883,5
41903,5
41923,5
41943,5
41963,5
42123,5
42143,5
42163,5
42183,5
42203,5
42223,5
42243,5
42263,5
42283,5
42363,5
42383,5
42403,5
42543,5
42563,5
42583,5
42603,5
42623,5
42643,5
42663,5
42683,5
42703,5
42723,5
42743,5
42763,5
42783,5
42803,5
42823,5
42843,5
42863,5
42883,5
42903,5
42923,5
42943,5
42963,5
42983,5
43003,5
43023,5
43043,5
43063,5
43083,5
43103,5
43123,5
43143,0
43163,0
43183,5
43203,5
43223,5
43243,5
43263,5
43283,5
43303,5
43323,5
43343,5
43443,5
43463,5
43483,5
43503,5
43523,5
43543,5
43563,5
43583,5
43603,5
43643,5
43663,5
43683,5
43703,5
43723,5
43743,5
43763,5
43783,5
43803,5
43823,5
43843,5
43883,5
43903,5
43923,5
43943,5
43963,5
43983,5
44003,5
44023,5
44043,5
44063,5
44083,5
44103,5
44123,5
44143,5
44163,5
44183,5
44203,5
44223,5
44243,5
44263,5
44303,5
44343,5
44363,5
44383,5
44403,5
44463,5
44483,5
44503,5
44523,5
44543,5
44563,5
44583,5
44603,5
44623,5
44643,5
44663,5
44683,5
44703,5
44723,5
44743,5
44763,5
44783,5
44803,5
44823,5
44843,5
44863,5
44883,5
44903,5
44923,5
44943,0
44963,0
44983,5
45003,5
45023,5
45043,5
45063,5
45083,5
45103,5
45123,5
45143,5
45163,5
45203,5
45223,5
45243,5
45283,5
45303,5
45323,5
45343,5
45363,5
45383,5
45443,5
45523,5
45543,5
45563,5
45583,5
45603,5
45643,5
45663,5
45683,5
45703,5
45723,5
45743,5
45783,5
45803,5
45823,5
45843,5
45863,5
45883,5
45903,5
45943,5
45963,5
45983,5
46003,5
46023,5
46043,5
46083,5
46123,5
46143,5
46163,5
46183,5
46203,5
46223,5
46243,5
46263,5
46283,5
46303,5
46323,5
46343,5
46363,5
46383,5
46403,5
46423,5
46443,5
46463,5
46483,5
46503,5
46583,5
46603,5
46623,5
46643,5
46663,5
46683,5
46703,5
46723,5
46743,5
46763,5
46783,5
46803,5
46823,5
46843,5
46883,5
46903,5
46923,5
46943,5
46963,5
46983,5
47043,5
47223,5
47243,5
47263,5
47283,5
47303,5
47323,5
47343,5
47363,5
47383,5
47403,5
47423,5
47563,5
47663,5
47683,5
47703,5
47723,5
47743,5
47763,5
47783,5
47803,5
47823,5
47843,5
47863,5
47883,5
47903,5
47923,5
47963,5
47983,5
48003,5
48023,5
48043,5
48063,5
48083,5
48103,5
48123,5
48143,5
48163,5
48183,5
48223,5
48243,5
48283,5
48343,5
48363,5
48383,5
48403,5
48423,5
48443,5
48483,5
48503,5
48523,5
48543,5
48563,5
48583,5
48603,5
48623,5
48703,5
48723,5
48743,5
48763,0
48783,0
48803,5
48843,5
48863,5
48883,5
48903,5
48923,5
48943,5
48983,5
49003,5
49023,5
49043,5
49063,5
49083,5
49103,5
49143,5
49163,5
49203,5
49223,5
49243,5
49263,5
49283,5
49303,5
49323,5
49343,5
49363,5
49383,5
49403,5
49423,5
49443,5
49463,5
49483,5
49503,5
49523,5
49543,5
49563,5
49603,5
49623,5
49643,5
49663,5
49683,5
49763,5
49783,5
49803,5
49823,5
49843,5
49863,5
49883,5
49903,5
49943,5
49963,5
49983,5
50003,5
50023,5
50043,5
50083,5
50103,5
50123,5
50143,5
50163,0
50203,5
50223,5
50263,5
50283,5
50303,5
50323,5
50343,5
50363,5
50403,5
50423,5
50443,5
50463,5
50483,5
50503,5
50523,5
50543,5
50563,5
50583,5
50603,5
50623,5
50643,5
50663,5
50683,5
50703,5
50723,5
50743,5
50803,5
50823,5
50843,5
50863,5
50883,5
50903,5
50923,5
50943,5
50963,5
50983,5
51023,5
51043,5
51063,5
51103,5
51123,5
51143,5
51163,5
51183,5
51203,5
51223,5
51243,5
51263,5
51283,0
51303,5
51323,5
51343,5
51363,5
51383,5
51403,5
51423,5
51443,5
51463,5
51483,5
51503,5
51523,5
51543,5
51563,5
51583,5
51603,5
51623,5
51643,5
51663,5
51683,5
51703,5
51723,5
51743,5
51763,5
51863,5
51883,5
51903,5
51943,5
51963,5
51983,5
52003,5
52023,5
52203,5
52223,5
52243,5
52263,5
52283,5
52303,5
52323,0
52343,0
52363,5
52383,5
52403,5
52523,5
52543,5
52563,5
52583,5
52603,5
52623,5
52643,5
52663,5
52683,5
52703,5
52723,5
52743,5
52763,5
52783,5
52803,5
52823,5
52843,5
52923,5
52943,5
52963,5
52983,5
53003,5
53023,5
53043,5
53063,5
53083,5
53103,5
53123,5
53143,5
53163,5
53183,5
53203,5
53243,5
53263,5
53283,5
53303,5
53323,5
53343,5
53363,5
53383,5
53403,0
53423,0
53443,5
53463,5
53483,5
53523,5
53543,5
53563,5
53583,5
53603,5
53623,5
53643,5
53683,5
53703,5
53723,5
53743,5
53763,5
53783,5
53823,5
53843,5
53863,5
53883,5
53903,5
53983,5
54023,5
54043,5
54063,5
54083,5
54103,5
54123,5
54143,5
54163,5
54183,5
54203,5
54223,5
54243,5
54263,5
54283,5
54303,5
54343,5
54363,5
54383,5
54403,5
54423,5
54443,5
54463,5
54483,5
54503,5
54523,5
54543,5
54563,5
54583,5
54603,5
54623,5
54643,5
54663,5
54683,5
54703,5
54723,5
54743,5
54783,5
54803,5
54823,5
54843,5
54883,5
54903,5
54923,5
54943,5
55043,5
55063,5
55083,5
55103,5
55143,5
55163,5
55183,5
55203,5
55223,5
55243,5
55263,5
55283,5
55303,5
55323,5
55343,5
55363,5
55383,5
55403,5
55423,5
55443,5
55463,5
55483,5
55503,5
55523,5
55543,5
55563,5
55583,5
55603,5
55623,5
55643,5
55663,5
55683,5
55703,5
55723,5
55743,5
55763,5
55803,5
55823,5
55843,5
55863,5
55903,5
55923,5
55943,5
55963,5
55983,5
56003,5
56103,5
56123,5
56143,5
56163,5
56183,5
56203,5
56223,5
56243,5
56263,5
56283,5
56303,5
56323,5
56343,5
56383,5
56403,5
56423,5
56443,5
56463,5
56483,5
56503,5
56523,5
56543,5
56563,5
56583,5
56603,5
56623,5
56643,5
56663,5
56683,5
56783,0
56803,5
56823,5
56843,5
56863,5
56923,5
56943,5
56963,5
56983,5
57003,5
57023,5
57243,5
57263,5
57283,5
57303,5
57323,5
57343,5
57363,5
57383,5
57423,5
57443,5
57583,5
57603,5
57623,5
57643,5
57683,5
57703,5
57723,5
57743,5
57763,5
57783,5
57803,5
57823,5
57843,5
57863,5
57883,5
57923,5
57963,5
58003,0
58023,5
58043,5
58063,5
58083,5
58103,5
58143,5
58163,5
58183,5
58203,5
58223,5
58303,5
58323,5
58343,5
58363,5
58383,5
58403,5
58423,5
58443,5
58463,5
58483,5
58503,5
58523,5
58543,5
58563,5
58583,5
58603,5
58623,5
58643,5
58663,5
58683,5
58703,5
58723,5
58743,5
58763,5
58783,5
58823,5
58843,5
58883,5
58903,5
58923,5
58963,5
58983,5
59003,5
59023,5
59043,5
59063,5
59103,5
59123,5
59143,5
59163,5
59183,5
59203,5
59243,5
59263,5
59363,5
59383,5
59403,5
59443,5
59463,5
59483,0
59503,0
59523,5
59543,5
59583,5
59603,5
59623,5
59643,5
59663,5
59683,5
59703,5
59743,5
59763,5
59803,5
59823,5
59843,5
59863,5
59883,5
59903,5
59923,5
59943,5
59963,5
59983,5
60003,5
60023,5
60043,5
60063,5
60083,5
60103,5
60123,5
60143,5
60163,5
60183,5
60203,5
60223,5
60243,5
60263,5
60283,5
60303,5
60323,5
60343,5
60403,5
60423,5
60443,5
60463,5
60483,5
60503,5
60523,5
60543,5
60563,5
60583,5
60603,5
60623,5
60643,5
60683,5
60703,5
60723,5
60743,5
60763,5
60783,5
60803,5
60823,5
60843,5
60863,5
60883,0
60903,0
60923,5
60943,5
60983,5
61003,5
61023,5
61043,5
61063,5
61083,5
61103,5
61143,5
61163,5
61183,5
61203,5
61223,5
61243,5
61283,5
61303,5
61323,5
61343,5
61583,5
61623,5
61643,5
61663,5
61683,5
61703,5
61743,5
61763,5
61783,5
61803,5
61943,5
61963,5
61983,5
62003,5
62023,5
62063,5
62083,5
62103,5
62123,5
62143,5
62163,5
62203,5
62223,5
62243,5
62263,5
62283,5
62303,0
62323,0
62363,5
62383,5
62403,5
62423,5
62443,5
62463,5
62483,5
62503,5
62523,5
62543,5
62563,5
62643,5
62683,5
62703,5
62723,5
62743,5
62783,5
62803,5
62823,5
62863,5
62883,5
62903,5
62923,5
62943,5
62963,5
62983,5
63003,5
63023,5
63043,5
63063,5
63083,5
63103,5
63123,5
63163,5
63183,5
63203,5
63223,5
63243,5
63263,5
63283,5
63303,5
63323,5
63343,5
63363,5
63383,5
63403,5
63423,5
63443,5
63463,5
63483,5
63503,5
63523,5
63543,5
63583,5
63603,5
63703,5
63723,5
63743,5
63763,5
63783,5
63823,5
63843,5
63863,5
63883,5
63903,5
63923,5
63963,5
63983,5
64003,5
64023,5
64043,5
64063,5
64083,5
64103,5
64123,5
64143,5
64163,5
64183,5
64203,5
64223,5
64243,5
64263,5
64283,5
64303,5
64323,5
64343,5
64363,5
64383,5
64403,5
64423,5
64443,5
64463,5
64483,5
64503,5
64563,5
64583,5
64603,5
64623,0
64643,0
64663,0
64763,5
64783,5
64803,5
64823,5
64843,5
64863,5
64883,5
64903,5
64923,5
64943,5
64963,5
64983,5
65003,5
65023,5
65043,5
65063,5
65083,5
65103,5
65123,5
65143,5
65163,5
65183,5
65203,5
65223,5
65243,5
65263,5
65283,5
65303,5
65323,5
65363,5
65383,5
65403,5
65423,5
65463,5
65483,5
65503,5
65523,5
65543,5
65563,5
65583,5
65603,5
65623,5
65643,5
65663,5
65683,5
65703,5
65723,5
65743,5
65803,5
65823,5
65863,5
65883,5
65903,5
65923,5
65943,5
65963,5
66003,5
66023,5
66043,5
66063,5
66083,5
66103,5
66123,5
66163,5
66183,5
66203,5
66223,5
66243,5
66263,5
66283,5
66323,5
66363,5
66383,5
66403,5
66423,5
66443,5
66463,5
66643,5
66663,5
66683,5
66703,5
66723,5
66743,5
66783,5
66863,5
66883,5
66903,5
67043,5
67063,5
67083,5
67103,5
67123,5
67143,5
67163,5
67183,5
67203,5
67223,5
67243,5
67263,5
67283,5
67303,5
67323,5
67343,5
67363,5
67383,5
67403,5
67423,5
67463,0
67483,0
67503,5
67543,5
67563,5
67583,5
67603,5
67623,5
67643,5
67663,5
67683,5
67703,5
67723,5
67743,5
67763,5
67783,5
67803,5
67843,5
67923,5
67943,5
67963,5
67983,5
68003,5
68043,5
68063,5
68083,5
68103,5
68123,5
68143,5
68163,5
68183,5
68203,5
68223,5
68243,5
68263,5
68283,5
68303,5
68323,5
68343,5
68363,5
68383,5
68403,5
68423,5
68463,5
68483,5
68503,5
68523,5
68543,5
68563,5
68583,5
68603,5
68623,5
68643,5
68663,5
68723,5
68743,5
68763,5
68783,5
68803,5
68823,5
68863,5
68883,5
68903,5
69003,5
69023,0
69043,0
69083,5
69103,5
69123,5
69143,5
69163,5
69183,5
69223,5
69243,5
69263,5
69283,5
69303,5
69323,5
69343,5
69383,5
69403,5
69423,5
69463,5
69483,5
69503,5
69523,5
69563,5
69583,5
69603,5
69623,5
69643,5
69663,5
69703,5
69723,5
69743,5
69763,5
69783,5
69803,5
69843,5
69863,5
69883,5
69903,5
69923,5
69943,5
69963,5
70043,5
70063,5
70083,5
70103,5
70123,5
70143,5
70163,5
70183,5
70203,5
70223,5
70243,5
70263,5
70283,5
70303,5
70343,5
70363,5
70383,5
70403,5
70423,0
70443,0
70463,5
70483,5
70503,5
70523,5
70543,5
70563,5
70583,5
70603,5
70623,5
70643,5
70663,5
70683,5
70703,5
70723,5
70743,5
70763,5
70783,5
70803,5
70823,5
70843,5
70863,5
70883,5
70903,5
70923,5
70943,5
70963,5
70983,5
71003,5
71023,5
71103,5
71123,5
71143,5
71163,5
71183,5
71203,5
71223,5
71243,5
71283,5
71303,5
71323,5
71343,5
71363,5
71383,5
71403,5
71423,5
71443,5
71463,5
71483,5
71503,5
71523,5
71543,5
71563,5
71583,5
71603,5
71623,5
71643,5
71823,0
71843,0
71863,5
71883,5
71903,5
71923,5
71943,5
71963,5
71983,5
72003,5
72023,5
72203,5
72223,5
72243,5
72263,5
72283,5
72323,5
72343,5
72363,5
72383,5
72423,5
72443,5
72463,5
72503,5
72523,5
72543,5
72563,5
72583,5
72603,5
72623,5
72643,5
72663,5
72683,5
72703,5
72723,5
72743,5
72783,5
72803,5
72823,5
72843,5
72863,5
72883,5
72903,5
72943,5
72963,5
72983,5
73003,5
73023,5
73043,5
73083,5
73103,5
73123,5
73143,5
73163,5
73183,5
73243,5
73263,5
73283,0
73303,0
73343,5
73363,5
73383,5
73403,5
73423,5
73443,5
73463,5
73483,5
73503,5
73523,5
73543,5
73563,5
73583,5
73603,5
73623,5
73643,5
73663,5
73683,5
73703,5
73723,5
73743,5
73763,5
73783,5
73803,5
73883,5
73903,5
73943,5
73963,5
73983,5
74023,5
74043,5
74063,5
74083,5
74103,5
74123,5
74143,5
74163,5
74183,5
74203,5
74223,5
74323,5
74343,5
74363,5
74383,5
74403,5
74423,5
74583,5
74623,5
74643,5
74663,5
74683,5
74703,5
74723,5
74763,5
74783,5
74803,5
74923,5
74943,5
74963,5
74983,5
75003,5
75023,5
75043,5
75063,5
75083,5
75103,5
75123,5
75143,5
75163,5
75183,5
75203,5
75223,5
75243,5
75263,5
75283,5
75383,5
75403,5
75423,5
75443,5
75463,5
75483,5
75503,5
75523,5
75543,5
75563,5
75583,5
75603,5
75623,5
75643,5
75663,5
75683,5
75703,5
75723,5
75743,5
75763,5
75783,5
75803,5
75823,5
75843,5
75863,5
75883,5
75903,5
75923,5
75943,5
75963,5
75983,5
76003,5
76043,5
76063,5
76083,5
76103,5
76123,5
76143,5
76163,5
76183,5
76203,5
76223,5
76243,5
76263,5
76283,5
76303,5
76343,5
76423,5
76463,5
76483,5
76503,5
76523,5
76543,5
76563,5
76583,5
76603,5
76623,5
76643,5
76663,5
76683,5
76703,5
76723,5
76743,5
76763,5
76783,5
76803,5
76823,5
76843,5
76863,5
76883,5
76903,5
76923,5
76943,5
76963,5
76983,5
77003,5
77023,5
77043,5
77063,5
77083,5
77103,5
77123,5
77143,5
77163,5
77183,5
77203,5
77223,5
77263,5
77283,5
77343,5
77363,5
77383,5
77483,5
77503,5
77523,5
77543,5
77563,5
77583,5
77623,5
77643,5
77663,5
77683,5
77703,5
77723,5
77743,5
77783,5
77803,5
77823,5
77843,5
78023,5
78043,5
78083,5
78103,5
78123,5
78143,5
78163,5
78183,5
78223,5
78363,5
78383,5
78403,5
78423,5
78443,5
78543,5
78563,5
78583,5
78603,5
78623,5
78643,5
78663,5
78683,5
78703,5
78723,5
78743,5
78763,5
78783,5
78803,5
78823,5
78843,5
78863,5
78883,5
78903,5
78923,5
78943,5
78963,5
79003,5
79023,5
79043,5
79063,5
79083,5
79103,5
79123,5
79143,5
79163,5
79183,5
79203,5
79223,5
79243,5
79263,5
79283,5
79303,5
79323,5
79343,5
79363,5
79383,5
79403,5
79443,5
79463,5
79483,5
79503,5
79583,5
79603,5
79623,5
79643,5
79663,5
79683,5
79703,5
79723,5
79743,5
79763,5
79783,5
79803,5
79823,5
79843,5
79863,5
79883,5
79903,5
79923,5
79943,5
79963,5
79983,5
80003,5
80023,5
80043,5
80083,5
80103,5
80123,5
80143,5
80163,5
80183,5
80203,5
80223,5
80243,5
80263,5
80283,5
80303,5
80323,5
80343,5
80363,5
80403,5
80423,5
80443,5
80463,5
80483,5
80503,5
80543,5
80563,5
80643,5
80663,5
80683,5
80703,5
80743,5
80763,5
80783,5
80803,5
80823,5
80843,5
80863,5
80903,5
80923,5
80943,5
80963,5
80983,5
81003,5
81043,5
81063,5
81083,5
81103,5
81123,5
81143,5
81183,5
81203,5
81223,5
81243,5
81263,5
81283,5
81303,5
81323,5
81343,5
81363,5
81383,5
81403,5
81423,5
81443,5
81463,5
81483,5
81503,5
81523,5
81543,5
81563,5
81583,5
81603,5
81623,5
81703,5
81723,5
81743,5
81763,5
81783,5
81803,5
81823,5
81843,5
81863,5
81883,5
81903,5
81923,5
81943,5
81963,5
81983,5
82003,5
82023,5
82043,5
82063,5
82103,5
82123,5
82143,5
82163,5
82183,5
82203,5
82223,5
82243,5
82263,5
82283,5
82303,5
82323,5
82343,5
82363,5
82383,5
82423,5
82443,5
82463,5
82483,5
82503,5
82523,5
82543,5
82583,5
82603,5
82623,5
82643,5
82883,5
82903,5
82923,5
82943,5
82963,5
82983,5
83003,5
83023,5
83043,5
83063,5
83083,5
83203,5
83223,5
83243,5
83283,5
83303,5
83323,5
83363,5
83383,5
83403,5
83423,5
83443,5
83463,5
83503,5
83523,5
83543,5
83563,5
83583,5
83603,5
83643,5
83663,5
83683,5
83703,5
83723,5
83763,5
83803,5
83823,5
83843,5
83863,5
83923,5
83943,5
83963,5
83983,5
84003,5
84023,5
84043,5
84063,5
84083,5
84103,5
84143,5
84183,5
84203,5
84223,5
84243,5
84263,5
84303,5
84323,5
84343,5
84363,5
84383,5
84403,5
84423,5
84463,5
84483,5
84503,5
84523,5
84543,5
84563,5
84603,5
84623,5
84643,5
84663,5
84683,5
84703,5
84723,5
84763,5
84783,5
84803,5
84823,5
84843,5
84863,5
84903,5
84983,5
85003,5
85023,5
85043,5
85063,5
85103,5
85123,5
85143,5
85163,5
85183,5
85203,5
85223,5
85263,5
85283,5
85303,5
85323,5
85343,5
85363,5
85383,5
85403,5
85423,5
85443,5
85463,5
85483,5
85503,5
85543,5
85563,5
85583,5
85603,5
85623,5
85643,5
85663,5
85703,5
85723,5
85743,5
85763,5
85783,5
85803,5
86043,0
86063,0
86083,0
86103,5
86123,5
86143,5
86163,5
86183,5
86203,5
86223,5
86243,5
86383,5
86403,5
86423,5
86463,5
86483,5
86503,5
86523,5
86543,5
86563,5
86583,5
86603,5
86623,5
86643,5
86663,5
86683,5
86723,5
86763,5
86783,5
86803,5
86823,5
86843,5
86863,5
86883,5
86903,5
86923,5
86943,5
86963,5
86983,5
87003,5
87083,5
87123,5
87143,5
87183,5
87203,5
87223,5
87243,5
87263,5
87283,5
87303,5
87323,5
87343,5
87363,5
87383,5
87403,5
87423,5
87443,5
87463,5
87483,5
87503,5
87523,5
87543,5
87563,5
87583,5
87603,5
87623,5
87643,5
87663,5
87683,5
87723,5
87743,5
87763,5
87783,5
87803,5
87823,5
87843,5
87863,5
87883,5
87903,5
87923,5
87943,5
87963,5
87983,5
88003,5
88043,5
88063,5
88143,5
88163,5
88183,5
88223,5
88243,5
88263,5
88283,5
88303,5
88323,5
88343,5
88363,5
88383,5
88403,5
88423,5
88443,5
88463,5
88503,5
88703,5
88723,5
88743,5
88763,5
88783,5
88803,5
88823,5
88843,5
88863,5
88883,5
88903,5
89023,5
89043,5
89063,5
89083,5
89103,5
89123,5
89203,5
89223,5
89263,5
89283,5
89303,5
89323,5
89343,5
89363,5
89383,5
89403,5
89443,5
89463,5
89483,5
89503,5
89523,5
89543,5
89563,5
89603,5
89623,5
89643,5
89663,5
89703,5
89723,5
89743,5
89763,5
89783,5
89803,5
89823,5
89843,5
89863,5
89903,5
89923,5
89943,5
89963,5
89983,5
90003,5
90043,5
90063,5
90083,5
90103,5
90143,5
90163,5
90183,5
90263,5
90283,5
90303,5
90323,5
90343,5
90363,5
90443,5
90463,5
90483,5
90503,5
90523,5
90583,5
90603,5
90623,5
90643,5
90663,5
90743,5
90763,5
90783,5
90803,5
90823,5
90883,5
90903,5
90923,5
90943,5
90963,5
90983,5
91003,5
91023,5
91043,5
91063,5
91083,5
91103,5
91123,5
91143,5
91163,5
91203,5
91223,5
91443,5
91463,5
91483,5
91503,5
91523,5
91543,5
91563,5
91583,5
91623,5
91643,5
91663,5
91783,5
91803,5
91823,5
91843,5
91863,5
91883,5
91903,5
91923,5
91943,5
91963,5
91983,5
92003,0
92023,0
92043,5
92063,5
92083,5
92103,5
92123,5
92143,5
92163,5
92183,5
92203,5
92223,5
92243,5
92263,5
92283,5
92303,5
92323,5
92363,5
92383,5
92403,5
92423,5
92503,5
92523,5
92563,5
92583,5
92603,5
92623,5
92643,5
92663,5
92683,5
92703,5
92723,5
92743,5
92763,5
92783,5
92803,5
92823,5
92843,5
92863,5
92883,5
92903,5
92923,5
92943,5
92963,5
92983,5
93003,5
93023,5
93043,5
93063,5
93083,5
93103,5
93123,5
93143,5
93163,5
93183,5
93203,5
93223,5
93263,5
93283,5
93303,0
93323,5
93343,5
93363,5
93383,5
93403,5
93423,5
93443,5
93463,5
93543,5
93563,5
93583,5
93603,5
93623,5
93663,5
93683,5
93703,5
93723,5
93743,5
93763,5
93783,5
93803,5
93823,5
93843,5
93863,5
93883,5
93963,5
93983,5
94023,5
94043,5
94063,5
94103,5
94123,5
94143,5
94163,5
94183,5
94203,5
94223,5
94263,5
94283,5
94303,5
94323,5
94343,5
94363,5
94383,5
94403,5
94423,5
94443,5
94463,5
94483,5
94503,5
94523,5
94603,5
94663,5
94843,5
94883,5
94903,5
94923,5
94963,5
94983,5
95003,5
95023,5
95043,5
95063,5
95203,5
95223,5
95243,5
95263,5
95283,5
95303,5
95343,5
95363,5
95383,5
95403,5
95423,5
95443,5
95463,5
95503,5
95523,5
95583,5
95663,5
95683,5
95703,5
95723,5
95743,5
95763,0
95783,5
95803,5
95823,5
95843,5
95863,5
95883,5
95903,5
95923,5
95943,5
95963,5
95983,5
96003,5
96023,5
96043,5
96063,5
96083,5
96103,5
96123,5
96143,5
96163,5
96183,5
96203,5
96223,5
96243,5
96263,5
96283,5
96303,5
96323,5
96343,5
96363,5
96383,5
96403,5
96423,5
96463,5
96483,5
96503,5
96523,5
96543,5
96563,5
96583,5
96603,5
96623,5
96643,5
96703,5
96723,5
96743,5
96763,5
96783,5
96803,5
96823,5
96843,5
96863,5
96883,5
96903,5
96923,0
96943,0
96963,5
96983,5
97003,5
97023,5
97043,5
97063,5
97083,5
97103,5
97123,5
97143,5
97163,5
97183,5
97203,5
97223,5
97243,5
97263,5
97283,5
97303,5
97323,5
97343,5
97363,5
97383,5
97403,5
97443,5
97463,5
97483,5
97503,5
97523,5
97543,5
97563,5
97603,5
97623,5
97643,5
97663,5
97683,5
97763,5
97783,5
97803,5
97823,5
97843,5
97863,5
97883,5
97903,5
97923,5
97943,5
97963,5
97983,5
98003,5
98023,5
98043,5
98063,5
98083,5
98103,0
98123,0
98143,5
98163,5
98183,5
98203,5
98223,5
98243,5
98303,5
98323,5
98343,5
98363,5
98403,5
98423,5
98443,5
98463,5
98483,5
98503,5
98543,5
98563,5
98583,5
98603,5
98623,5
98643,5
98663,5
98703,5
98723,5
98743,5
98823,5
98843,5
98883,5
98903,5
98923,5
98943,5
98963,5
98983,5
99003,5
99023,5
99043,5
99063,5
99083,5
99103,5
99123,5
99143,5
99163,5
99203,5
99223,5
99243,5
99263,5
99283,5
99303,0
99323,5
99343,5
99363,5
99383,5
99403,5
99423,5
99443,5
99623,5
99663,5
99683,5
99703,5
99723,5
99743,5
99763,5
99783,5
99803,5
99863,5
99883,5
100003,5
100023,5
100043,5
100063,5
100083,5
100103,5
100123,5
100143,5
100163,5
100183,5
100203,5
100223,5
100243,5
100263,5
100283,5
100303,5
100323,5
100363,5
100383,0
100403,0
100423,5
100443,5
100463,5
100483,5
100503,5
100543,5
100563,5
100583,5
100603,5
100623,5
100643,5
100663,5
100683,5
100703,5
100723,5
100743,5
100763,5
100783,5
100803,5
100823,5
100843,5
100923,5
100943,5
100963,5
100983,5
101023,5
101043,5
101063,5
101083,5
101103,5
101123,5
101163,5
101183,5
101243,5
101263,5
101283,5
101303,5
101343,5
101363,5
101383,5
101403,5
101423,5
101443,5
101463,5
101483,5
101503,5
101523,5
101543,5
101563,5
101583,5
101603,5
101623,5
101643,5
101663,5
101683,5
101763,5
101783,5
101823,5
101843,5
101903,5
101983,5
102003,5
102043,5
102063,5
102083,5
102103,5
102123,5
102143,5
102163,5
102183,5
